epoch,loss,reshape_1_accuracy_mean,reshape_1_loss,reshape_accuracy_mean,reshape_loss,val_loss,val_reshape_1_accuracy_mean,val_reshape_1_loss,val_reshape_accuracy_mean,val_reshape_loss
0,0.33483046293258667,0.04030251,0.022602936,0.5,0.31222752,0.32694682478904724,0.038103096,0.019532422,0.5,0.3074144
1,0.3246922194957733,0.03121764,0.020410793,0.5,0.30428144,0.3201858699321747,0.033177096,0.018502917,0.5,0.30168295
2,0.31956706444422406,0.02877765,0.018695826,0.5,0.30087125,0.32043465971946716,0.028853422,0.019127896,0.5,0.30130675
